{
  "book_id": 36,
  "k": 5,
  "top_K": 3,
  "separation": 3,
  "peak_indices": [
    123,
    371,
    444
  ],
  "peak_positions_norm": [
    0.205685618729097,
    0.6204013377926422,
    0.7424749163879598
  ],
  "signal": "a_t"
}