{
  "book_id": 36,
  "k": 11,
  "top_K": 3,
  "separation": 3,
  "peak_indices": [
    278,
    371,
    431
  ],
  "peak_positions_norm": [
    0.46488294314381273,
    0.6204013377926422,
    0.7207357859531772
  ],
  "signal": "a_t"
}