{
  "book_id": 1257,
  "k": 11,
  "top_K": 3,
  "separation": 3,
  "peak_indices": [
    1,
    601,
    994
  ],
  "peak_positions_norm": [
    0.0004363001745200698,
    0.26221640488656195,
    0.4336823734729494
  ],
  "signal": "a_t"
}