{
  "book_id": 1342,
  "k": 7,
  "top_K": 3,
  "separation": 3,
  "peak_indices": [
    638,
    860,
    872
  ],
  "peak_positions_norm": [
    0.5019669551534225,
    0.6766325727773407,
    0.6860739575137687
  ],
  "signal": "a_t"
}