{
  "book_id": 1342,
  "k": 5,
  "top_K": 3,
  "separation": 3,
  "peak_indices": [
    51,
    499,
    871
  ],
  "peak_positions_norm": [
    0.04012588512981904,
    0.39260424862313137,
    0.6852871754523997
  ],
  "signal": "a_t"
}