{
  "book_id": 1342,
  "k": 11,
  "top_K": 3,
  "separation": 3,
  "peak_indices": [
    51,
    872,
    1211
  ],
  "peak_positions_norm": [
    0.04012588512981904,
    0.6860739575137687,
    0.9527930763178599
  ],
  "signal": "a_t"
}