{
  "book_id": 103,
  "k": 7,
  "top_K": 3,
  "separation": 3,
  "peak_indices": [
    50,
    428,
    432
  ],
  "peak_positions_norm": [
    0.07923930269413629,
    0.6782884310618067,
    0.6846275752773375
  ],
  "signal": "a_t"
}