{
  "book_id": 103,
  "k": 5,
  "top_K": 3,
  "separation": 3,
  "peak_indices": [
    428,
    434,
    582
  ],
  "peak_positions_norm": [
    0.6782884310618067,
    0.687797147385103,
    0.9223454833597464
  ],
  "signal": "a_t"
}