{
  "book_id": 103,
  "k": 11,
  "top_K": 3,
  "separation": 3,
  "peak_indices": [
    428,
    432,
    507
  ],
  "peak_positions_norm": [
    0.6782884310618067,
    0.6846275752773375,
    0.803486529318542
  ],
  "signal": "a_t"
}