{
  "book_id": 1260,
  "k": 7,
  "top_K": 3,
  "separation": 3,
  "peak_indices": [
    1,
    1245,
    1252
  ],
  "peak_positions_norm": [
    0.0005402485143165856,
    0.6726094003241491,
    0.6763911399243652
  ],
  "signal": "a_t"
}