{
  "book_id": 35,
  "k": 5,
  "top_K": 3,
  "separation": 3,
  "peak_indices": [
    1,
    113,
    205
  ],
  "peak_positions_norm": [
    0.003105590062111801,
    0.35093167701863354,
    0.6366459627329193
  ],
  "signal": "a_t"
}