{
  "book_id": 35,
  "k": 11,
  "top_K": 3,
  "separation": 3,
  "peak_indices": [
    1,
    113,
    204
  ],
  "peak_positions_norm": [
    0.003105590062111801,
    0.35093167701863354,
    0.6335403726708074
  ],
  "signal": "a_t"
}