{
  "book_id": 84,
  "k": 11,
  "top_K": 3,
  "separation": 3,
  "peak_indices": [
    1,
    185,
    297
  ],
  "peak_positions_norm": [
    0.001336898395721925,
    0.24732620320855614,
    0.39705882352941174
  ],
  "signal": "a_t"
}