{
  "book_id": 84,
  "k": 5,
  "top_K": 3,
  "separation": 3,
  "peak_indices": [
    1,
    146,
    307
  ],
  "peak_positions_norm": [
    0.001336898395721925,
    0.19518716577540107,
    0.410427807486631
  ],
  "signal": "a_t"
}