{
  "book_id": 84,
  "k": 7,
  "top_K": 3,
  "separation": 3,
  "peak_indices": [
    1,
    297,
    307
  ],
  "peak_positions_norm": [
    0.001336898395721925,
    0.39705882352941174,
    0.410427807486631
  ],
  "signal": "a_t"
}