{
  "book_id": 1661,
  "k": 7,
  "top_K": 3,
  "separation": 3,
  "peak_indices": [
    290,
    417,
    540
  ],
  "peak_positions_norm": [
    0.27804410354745923,
    0.3998082454458293,
    0.5177372962607862
  ],
  "signal": "a_t"
}