{
  "book_id": 1661,
  "k": 5,
  "top_K": 3,
  "separation": 3,
  "peak_indices": [
    417,
    540,
    860
  ],
  "peak_positions_norm": [
    0.3998082454458293,
    0.5177372962607862,
    0.8245445829338447
  ],
  "signal": "a_t"
}