{
  "book_id": 1661,
  "k": 11,
  "top_K": 3,
  "separation": 3,
  "peak_indices": [
    417,
    540,
    1000
  ],
  "peak_positions_norm": [
    0.3998082454458293,
    0.5177372962607862,
    0.9587727708533078
  ],
  "signal": "a_t"
}