{
  "book_id": 11,
  "k": 7,
  "top_K": 3,
  "separation": 3,
  "peak_indices": [
    1,
    54,
    93
  ],
  "peak_positions_norm": [
    0.0038022813688212928,
    0.20532319391634982,
    0.35361216730038025
  ],
  "signal": "a_t"
}