{
  "book_id": 11,
  "k": 5,
  "top_K": 3,
  "separation": 3,
  "peak_indices": [
    1,
    48,
    93
  ],
  "peak_positions_norm": [
    0.0038022813688212928,
    0.18250950570342206,
    0.35361216730038025
  ],
  "signal": "a_t"
}