cluster,Adventure,Children's Fiction,Fantasy,Gothic,Horror,Mystery,Romance,Sci-Fi,Tragedy
1,0.4,0.0,0.2,0.2,0.0,0.0,0.2,0.0,0.0
2,0.5,0.0,0.0,0.3333333333333333,0.16666666666666666,0.0,0.0,0.0,0.0
3,0.0,0.0,0.16666666666666666,0.0,0.16666666666666666,0.16666666666666666,0.0,0.5,0.0
4,0.0,0.0,0.0,0.0,0.0,0.0,0.0,0.0,1.0
5,0.0,0.5,0.5,0.0,0.0,0.0,0.0,0.0,0.0
