split,ma_window,mae_raw,mae_moving_average,n_samples
train,9,1.0638620173147655,0.3280336442047447,17631
test,9,1.0409859929384058,0.3486892612836282,3706
