{
  "book_id": 1513,
  "k": 5,
  "top_K": 3,
  "separation": 3,
  "peak_indices": [
    42,
    48,
    87
  ],
  "peak_positions_norm": [
    0.16342412451361868,
    0.1867704280155642,
    0.33852140077821014
  ],
  "signal": "a_t"
}