{
  "book_id": 1513,
  "k": 7,
  "top_K": 3,
  "separation": 3,
  "peak_indices": [
    47,
    87,
    221
  ],
  "peak_positions_norm": [
    0.1828793774319066,
    0.33852140077821014,
    0.8599221789883269
  ],
  "signal": "a_t"
}