{
  "book_id": 1513,
  "k": 11,
  "top_K": 3,
  "separation": 3,
  "peak_indices": [
    48,
    118,
    219
  ],
  "peak_positions_norm": [
    0.1867704280155642,
    0.4591439688715953,
    0.8521400778210116
  ],
  "signal": "a_t"
}