{
  "book_id": 768,
  "k": 5,
  "top_K": 3,
  "separation": 3,
  "peak_indices": [
    727,
    960,
    1135
  ],
  "peak_positions_norm": [
    0.6283491789109766,
    0.8297320656871219,
    0.9809853068280034
  ],
  "signal": "a_t"
}