{
  "book_id": 768,
  "k": 11,
  "top_K": 3,
  "separation": 3,
  "peak_indices": [
    626,
    727,
    960
  ],
  "peak_positions_norm": [
    0.5410544511668107,
    0.6283491789109766,
    0.8297320656871219
  ],
  "signal": "a_t"
}