{
  "book_id": 175,
  "k": 5,
  "top_K": 3,
  "separation": 3,
  "peak_indices": [
    49,
    55,
    663
  ],
  "peak_positions_norm": [
    0.05744431418522861,
    0.06447831184056271,
    0.7772567409144197
  ],
  "signal": "a_t"
}