{
  "book_id": 175,
  "k": 7,
  "top_K": 3,
  "separation": 3,
  "peak_indices": [
    55,
    578,
    662
  ],
  "peak_positions_norm": [
    0.06447831184056271,
    0.6776084407971864,
    0.776084407971864
  ],
  "signal": "a_t"
}