{
  "book_id": 120,
  "k": 7,
  "top_K": 3,
  "separation": 3,
  "peak_indices": [
    1,
    59,
    444
  ],
  "peak_positions_norm": [
    0.0014619883040935672,
    0.08625730994152046,
    0.6491228070175439
  ],
  "signal": "a_t"
}