{
  "book_id": 120,
  "k": 11,
  "top_K": 3,
  "separation": 3,
  "peak_indices": [
    1,
    653,
    673
  ],
  "peak_positions_norm": [
    0.0014619883040935672,
    0.9546783625730995,
    0.9839181286549707
  ],
  "signal": "a_t"
}