{
  "book_id": 55,
  "k": 5,
  "top_K": 3,
  "separation": 3,
  "peak_indices": [
    4,
    122,
    362
  ],
  "peak_positions_norm": [
    0.01015228426395939,
    0.3096446700507614,
    0.9187817258883249
  ],
  "signal": "a_t"
}