{
  "book_id": 55,
  "k": 11,
  "top_K": 3,
  "separation": 3,
  "peak_indices": [
    4,
    74,
    102
  ],
  "peak_positions_norm": [
    0.01015228426395939,
    0.18781725888324874,
    0.25888324873096447
  ],
  "signal": "a_t"
}