{
  "book_id": 55,
  "k": 7,
  "top_K": 3,
  "separation": 3,
  "peak_indices": [
    4,
    102,
    381
  ],
  "peak_positions_norm": [
    0.01015228426395939,
    0.25888324873096447,
    0.9670050761421319
  ],
  "signal": "a_t"
}