{
  "book_id": 1184,
  "k": 11,
  "top_K": 3,
  "separation": 3,
  "peak_indices": [
    1099,
    2681,
    3391
  ],
  "peak_positions_norm": [
    0.2385500325591491,
    0.5819405252876059,
    0.7360538311265465
  ],
  "signal": "a_t"
}