{
  "book_id": 1184,
  "k": 7,
  "top_K": 3,
  "separation": 3,
  "peak_indices": [
    786,
    2681,
    3391
  ],
  "peak_positions_norm": [
    0.17060994139353158,
    0.5819405252876059,
    0.7360538311265465
  ],
  "signal": "a_t"
}