{
  "book_id": 16,
  "k": 5,
  "top_K": 3,
  "separation": 3,
  "peak_indices": [
    1,
    15,
    185
  ],
  "peak_positions_norm": [
    0.002127659574468085,
    0.031914893617021274,
    0.39361702127659576
  ],
  "signal": "a_t"
}