{
  "book_id": 43,
  "k": 7,
  "top_K": 3,
  "separation": 3,
  "peak_indices": [
    1,
    60,
    184
  ],
  "peak_positions_norm": [
    0.003937007874015748,
    0.23622047244094488,
    0.7244094488188977
  ],
  "signal": "a_t"
}