{
  "book_id": 345,
  "k": 11,
  "top_K": 3,
  "separation": 3,
  "peak_indices": [
    1,
    128,
    419
  ],
  "peak_positions_norm": [
    0.0006207324643078833,
    0.07945375543140906,
    0.2600869025450031
  ],
  "signal": "a_t"
}