{
  "book_id": 345,
  "k": 5,
  "top_K": 3,
  "separation": 3,
  "peak_indices": [
    128,
    135,
    752
  ],
  "peak_positions_norm": [
    0.07945375543140906,
    0.08379888268156424,
    0.46679081315952825
  ],
  "signal": "a_t"
}