{
  "book_id": 113,
  "k": 11,
  "top_K": 3,
  "separation": 3,
  "peak_indices": [
    1,
    161,
    374
  ],
  "peak_positions_norm": [
    0.0012437810945273632,
    0.20024875621890548,
    0.4651741293532338
  ],
  "signal": "a_t"
}