{
  "book_id": 113,
  "k": 5,
  "top_K": 3,
  "separation": 3,
  "peak_indices": [
    1,
    374,
    711
  ],
  "peak_positions_norm": [
    0.0012437810945273632,
    0.4651741293532338,
    0.8843283582089553
  ],
  "signal": "a_t"
}