{
  "book_id": 521,
  "k": 5,
  "top_K": 3,
  "separation": 3,
  "peak_indices": [
    1,
    378,
    443
  ],
  "peak_positions_norm": [
    0.0008285004142502071,
    0.3131731565865783,
    0.36702568351284176
  ],
  "signal": "a_t"
}