{
  "book_id": 521,
  "k": 7,
  "top_K": 3,
  "separation": 3,
  "peak_indices": [
    1,
    318,
    378
  ],
  "peak_positions_norm": [
    0.0008285004142502071,
    0.2634631317315659,
    0.3131731565865783
  ],
  "signal": "a_t"
}